task,fold_id,repeat,fold,fs,clf,tuned,k,params,inner_auc,acc,f1,auc,cm,modality,n_features
mod_EEG-only_anova_LR,0,0,0,anova,LR,True,200,"{""C"": 0.1}",0.7190203869445414,0.5172413793103449,0.5032163742690058,0.6991355866355867,"[[7, 3, 3], [2, 5, 2], [2, 2, 3]]",EEG-only,3456
mod_EEG-only_anova_LR,0,0,0,anova,LR,False,50,"{""C"": 1.0}",,0.4482758620689655,0.4501424501424502,0.6353882228882229,"[[6, 5, 2], [4, 4, 1], [4, 0, 3]]",EEG-only,3456
mod_EEG-only_anova_LR,1,0,1,anova,LR,True,500,"{""C"": 0.01}",0.8337281690832291,0.5172413793103449,0.5111111111111111,0.6422188922188922,"[[8, 3, 2], [5, 4, 0], [4, 0, 3]]",EEG-only,3456
mod_EEG-only_anova_LR,1,0,1,anova,LR,False,50,"{""C"": 1.0}",,0.5517241379310345,0.5584615384615385,0.7216931216931216,"[[5, 6, 2], [2, 7, 0], [0, 3, 4]]",EEG-only,3456
mod_EEG-only_anova_LR,2,0,2,anova,LR,True,200,"{""C"": 0.01}",0.7678843190486407,0.4827586206896552,0.5,0.7081742331742332,"[[7, 5, 1], [6, 3, 0], [2, 1, 4]]",EEG-only,3456
mod_EEG-only_anova_LR,2,0,2,anova,LR,False,50,"{""C"": 1.0}",,0.7241379310344828,0.7203029359892105,0.8512617012617012,"[[10, 1, 2], [3, 6, 0], [1, 1, 5]]",EEG-only,3456
mod_EEG-only_anova_LR,3,0,3,anova,LR,True,20,"{""C"": 1}",0.7345422882084289,0.5172413793103449,0.4837444655281467,0.7060025286031477,"[[9, 2, 1], [6, 4, 0], [4, 1, 2]]",EEG-only,3456
mod_EEG-only_anova_LR,3,0,3,anova,LR,False,50,"{""C"": 1.0}",,0.4827586206896552,0.5015082956259427,0.7366866363770388,"[[7, 4, 1], [8, 2, 0], [1, 1, 5]]",EEG-only,3456
mod_EEG-only_anova_LR,4,0,4,anova,LR,True,100,"{""C"": 0.1}",0.7456769763151704,0.6785714285714286,0.6771978021978021,0.8424160599912479,"[[9, 2, 1], [3, 5, 1], [2, 0, 5]]",EEG-only,3456
mod_EEG-only_anova_LR,4,0,4,anova,LR,False,50,"{""C"": 1.0}",,0.6785714285714286,0.6654456654456654,0.8327173340096272,"[[10, 1, 1], [3, 5, 1], [3, 0, 4]]",EEG-only,3456
mod_EEG-only_anova_LR,5,1,0,anova,LR,True,100,"{""C"": 0.01}",0.7490177828937749,0.6206896551724138,0.6051282051282051,0.7475450475450476,"[[10, 2, 1], [4, 4, 1], [3, 0, 4]]",EEG-only,3456
mod_EEG-only_anova_LR,5,1,0,anova,LR,False,50,"{""C"": 1.0}",,0.5862068965517241,0.5555555555555555,0.7457722832722832,"[[10, 2, 1], [4, 4, 1], [3, 1, 3]]",EEG-only,3456
mod_EEG-only_anova_LR,6,1,1,anova,LR,True,20,"{""C"": 1}",0.7695003200498474,0.3103448275862069,0.16666666666666666,0.5381710881710882,"[[9, 3, 1], [9, 0, 0], [5, 2, 0]]",EEG-only,3456
mod_EEG-only_anova_LR,6,1,1,anova,LR,False,50,"{""C"": 1.0}",,0.27586206896551724,0.18562535370684774,0.5413752913752914,"[[7, 5, 1], [8, 1, 0], [3, 4, 0]]",EEG-only,3456
mod_EEG-only_anova_LR,7,1,2,anova,LR,True,200,"{""C"": 0.01}",0.7856505571894483,0.5517241379310345,0.5524671407024347,0.7287383912383912,"[[8, 4, 1], [4, 4, 1], [3, 0, 4]]",EEG-only,3456
mod_EEG-only_anova_LR,7,1,2,anova,LR,False,50,"{""C"": 1.0}",,0.4827586206896552,0.5004830917874395,0.6598549598549598,"[[5, 6, 2], [4, 4, 1], [1, 1, 5]]",EEG-only,3456
mod_EEG-only_anova_LR,8,1,3,anova,LR,True,200,"{""C"": 0.01}",0.71883527800063,0.6206896551724138,0.5881410256410257,0.8566858322276278,"[[11, 0, 1], [8, 2, 0], [1, 1, 5]]",EEG-only,3456
mod_EEG-only_anova_LR,8,1,3,anova,LR,False,50,"{""C"": 1.0}",,0.5862068965517241,0.5555555555555555,0.6822718561108654,"[[10, 1, 1], [5, 4, 1], [3, 1, 3]]",EEG-only,3456
mod_EEG-only_anova_LR,9,1,4,anova,LR,True,200,"{""C"": 0.01}",0.7291825744743518,0.6071428571428571,0.615987460815047,0.8372077266579147,"[[9, 3, 0], [5, 4, 0], [3, 0, 4]]",EEG-only,3456
mod_EEG-only_anova_LR,9,1,4,anova,LR,False,50,"{""C"": 1.0}",,0.6785714285714286,0.6960784313725491,0.8882722679715161,"[[9, 3, 0], [4, 5, 0], [2, 0, 5]]",EEG-only,3456
mod_EEG-only_anova_LR,10,2,0,anova,LR,True,100,"{""C"": 0.01}",0.7490822959869262,0.5172413793103449,0.44612794612794615,0.7750629000629,"[[11, 2, 0], [9, 0, 0], [3, 0, 4]]",EEG-only,3456
mod_EEG-only_anova_LR,10,2,0,anova,LR,False,50,"{""C"": 1.0}",,0.5172413793103449,0.555000555000555,0.7483447108447109,"[[5, 8, 0], [3, 6, 0], [0, 3, 4]]",EEG-only,3456
mod_EEG-only_anova_LR,11,2,1,anova,LR,True,500,"{""C"": 0.01}",0.7364946826219301,0.5862068965517241,0.6135531135531136,0.8191988566988567,"[[6, 6, 1], [3, 6, 0], [2, 0, 5]]",EEG-only,3456
mod_EEG-only_anova_LR,11,2,1,anova,LR,False,50,"{""C"": 1.0}",,0.6206896551724138,0.6260317460317459,0.8163734413734414,"[[8, 5, 0], [2, 6, 1], [2, 1, 4]]",EEG-only,3456
mod_EEG-only_anova_LR,12,2,2,anova,LR,True,50,"{""C"": 0.01}",0.7375959982267405,0.4482758620689655,0.2740740740740741,0.7221292596292597,"[[12, 0, 1], [9, 0, 0], [6, 0, 1]]",EEG-only,3456
mod_EEG-only_anova_LR,12,2,2,anova,LR,False,50,"{""C"": 1.0}",,0.5862068965517241,0.5555555555555555,0.6782097532097532,"[[9, 3, 1], [3, 6, 0], [5, 0, 2]]",EEG-only,3456
mod_EEG-only_anova_LR,13,2,3,anova,LR,True,50,"{""C"": 0.01}",0.7488449932969502,0.5517241379310345,0.453781512605042,0.6915836829149523,"[[11, 0, 1], [9, 0, 1], [2, 0, 5]]",EEG-only,3456
mod_EEG-only_anova_LR,13,2,3,anova,LR,False,50,"{""C"": 1.0}",,0.5517241379310345,0.49572649572649574,0.7120961941395377,"[[9, 1, 2], [6, 1, 3], [0, 1, 6]]",EEG-only,3456
mod_EEG-only_anova_LR,14,2,4,anova,LR,True,500,"{""C"": 0.01}",0.7437206836947076,0.4642857142857143,0.47203065134099614,0.6241055267136094,"[[7, 4, 1], [7, 2, 0], [3, 0, 4]]",EEG-only,3456
mod_EEG-only_anova_LR,14,2,4,anova,LR,False,50,"{""C"": 1.0}",,0.5357142857142857,0.45138888888888884,0.6853760144408639,"[[11, 1, 0], [6, 1, 2], [3, 1, 3]]",EEG-only,3456
mod_EEG-only_anova_LR,15,3,0,anova,LR,True,100,"{""C"": 0.01}",0.7022255672325716,0.4827586206896552,0.482962962962963,0.7217028342028341,"[[2, 8, 3], [2, 7, 0], [1, 1, 5]]",EEG-only,3456
mod_EEG-only_anova_LR,15,3,0,anova,LR,False,50,"{""C"": 1.0}",,0.41379310344827586,0.41339869281045755,0.7461566211566212,"[[2, 8, 3], [2, 5, 2], [0, 2, 5]]",EEG-only,3456
mod_EEG-only_anova_LR,16,3,1,anova,LR,True,100,"{""C"": 0.01}",0.7020339388981709,0.5862068965517241,0.5813492063492064,0.7601606726606726,"[[10, 3, 0], [7, 2, 0], [2, 0, 5]]",EEG-only,3456
mod_EEG-only_anova_LR,16,3,1,anova,LR,False,50,"{""C"": 1.0}",,0.5517241379310345,0.58300395256917,0.7816826691826693,"[[6, 7, 0], [3, 6, 0], [1, 2, 4]]",EEG-only,3456
mod_EEG-only_anova_LR,17,3,2,anova,LR,True,500,"{""C"": 0.01}",0.7478380110212667,0.4482758620689655,0.46467475879240583,0.6995837495837497,"[[6, 5, 2], [7, 2, 0], [1, 1, 5]]",EEG-only,3456
mod_EEG-only_anova_LR,17,3,2,anova,LR,False,50,"{""C"": 1.0}",,0.6896551724137931,0.6604506604506605,0.7928321678321678,"[[10, 2, 1], [2, 7, 0], [1, 3, 3]]",EEG-only,3456
mod_EEG-only_anova_LR,18,3,3,anova,LR,True,200,"{""C"": 0.01}",0.7168176004664625,0.6206896551724138,0.6198830409356725,0.8360008756293587,"[[9, 3, 0], [4, 5, 1], [2, 1, 4]]",EEG-only,3456
mod_EEG-only_anova_LR,18,3,3,anova,LR,False,50,"{""C"": 1.0}",,0.6551724137931034,0.6147186147186147,0.7929192410616559,"[[12, 0, 0], [5, 4, 1], [4, 0, 3]]",EEG-only,3456
mod_EEG-only_anova_LR,19,3,4,anova,LR,True,50,"{""C"": 0.1}",0.8245982162586706,0.32142857142857145,0.2992562542258283,0.6022217000835423,"[[5, 5, 2], [6, 3, 0], [6, 0, 1]]",EEG-only,3456
mod_EEG-only_anova_LR,19,3,4,anova,LR,False,50,"{""C"": 1.0}",,0.39285714285714285,0.395959595959596,0.598245365397621,"[[4, 7, 1], [4, 5, 0], [4, 1, 2]]",EEG-only,3456
mod_EEG-only_anova_LR,20,4,0,anova,LR,True,50,"{""C"": 10}",0.7832410857957192,0.6206896551724138,0.6284086284086284,0.8098105598105598,"[[8, 3, 2], [4, 5, 0], [1, 1, 5]]",EEG-only,3456
mod_EEG-only_anova_LR,20,4,0,anova,LR,False,50,"{""C"": 1.0}",,0.6206896551724138,0.6216931216931217,0.7997775372775373,"[[9, 3, 1], [4, 5, 0], [2, 1, 4]]",EEG-only,3456
mod_EEG-only_anova_LR,21,4,1,anova,LR,True,500,"{""C"": 0.01}",0.767358548376241,0.4482758620689655,0.43460375075620084,0.6348313723313723,"[[7, 5, 1], [5, 4, 0], [4, 1, 2]]",EEG-only,3456
mod_EEG-only_anova_LR,21,4,1,anova,LR,False,50,"{""C"": 1.0}",,0.6206896551724138,0.5958333333333333,0.8324740074740075,"[[11, 2, 0], [5, 4, 0], [3, 1, 3]]",EEG-only,3456
mod_EEG-only_anova_LR,22,4,2,anova,LR,True,500,"{""C"": 0.01}",0.7986099469767987,0.5862068965517241,0.582905982905983,0.7207852332852331,"[[9, 2, 2], [5, 4, 0], [3, 0, 4]]",EEG-only,3456
mod_EEG-only_anova_LR,22,4,2,anova,LR,False,50,"{""C"": 1.0}",,0.5517241379310345,0.5460157126823794,0.7233886483886484,"[[8, 4, 1], [4, 5, 0], [2, 2, 3]]",EEG-only,3456
mod_EEG-only_anova_LR,23,4,3,anova,LR,True,100,"{""C"": 0.01}",0.7662200958722631,0.41379310344827586,0.4055555555555556,0.6308822412537584,"[[7, 4, 1], [7, 2, 1], [4, 0, 3]]",EEG-only,3456
mod_EEG-only_anova_LR,23,4,3,anova,LR,False,50,"{""C"": 1.0}",,0.3793103448275862,0.3919413919413919,0.6108093317071644,"[[4, 7, 1], [4, 4, 2], [4, 0, 3]]",EEG-only,3456
mod_EEG-only_anova_LR,24,4,4,anova,LR,True,50,"{""C"": 1}",0.7316581060897502,0.5357142857142857,0.5123456790123456,0.6291423001949318,"[[8, 4, 0], [4, 5, 0], [3, 2, 2]]",EEG-only,3456
mod_EEG-only_anova_LR,24,4,4,anova,LR,False,50,"{""C"": 1.0}",,0.5357142857142857,0.5123456790123456,0.6291423001949318,"[[8, 4, 0], [4, 5, 0], [3, 2, 2]]",EEG-only,3456
mod_EEG-only_none_RF,0,0,0,none,RF,True,3456,"{""max_depth"": 10, ""min_samples_leaf"": 1}",0.7123782698434429,0.5517241379310345,0.5316239316239316,0.7746799496799497,"[[9, 2, 2], [4, 4, 1], [4, 0, 3]]",EEG-only,3456
mod_EEG-only_none_RF,0,0,0,none,RF,False,3456,"{""max_depth"": 10, ""min_samples_leaf"": 5}",,0.5172413793103449,0.504420866489832,0.7433191808191809,"[[8, 3, 2], [4, 4, 1], [4, 0, 3]]",EEG-only,3456
mod_EEG-only_none_RF,1,0,1,none,RF,True,3456,"{""max_depth"": 10, ""min_samples_leaf"": 1}",0.80008440643324,0.4827586206896552,0.4968944099378882,0.7328925703925705,"[[4, 6, 3], [3, 6, 0], [3, 0, 4]]",EEG-only,3456
mod_EEG-only_none_RF,1,0,1,none,RF,False,3456,"{""max_depth"": 10, ""min_samples_leaf"": 5}",,0.4827586206896552,0.5014245014245015,0.682571595071595,"[[6, 5, 2], [5, 4, 0], [3, 0, 4]]",EEG-only,3456
mod_EEG-only_none_RF,2,0,2,none,RF,True,3456,"{""max_depth"": 5, ""min_samples_leaf"": 1}",0.7600581461263394,0.5862068965517241,0.5813492063492064,0.7745162245162245,"[[10, 3, 0], [7, 2, 0], [2, 0, 5]]",EEG-only,3456
mod_EEG-only_none_RF,2,0,2,none,RF,False,3456,"{""max_depth"": 10, ""min_samples_leaf"": 5}",,0.6206896551724138,0.641537074599955,0.8077311577311578,"[[9, 4, 0], [5, 4, 0], [2, 0, 5]]",EEG-only,3456
mod_EEG-only_none_RF,3,0,3,none,RF,True,3456,"{""max_depth"": 10, ""min_samples_leaf"": 1}",0.7327980087314473,0.6206896551724138,0.5824175824175825,0.8242533696094068,"[[12, 0, 0], [7, 3, 0], [4, 0, 3]]",EEG-only,3456
mod_EEG-only_none_RF,3,0,3,none,RF,False,3456,"{""max_depth"": 10, ""min_samples_leaf"": 5}",,0.5862068965517241,0.5513506101741396,0.8246634858089966,"[[11, 0, 1], [7, 3, 0], [4, 0, 3]]",EEG-only,3456
mod_EEG-only_none_RF,4,0,4,none,RF,True,3456,"{""max_depth"": 5, ""min_samples_leaf"": 5}",0.7272326666390571,0.5357142857142857,0.5046594982078854,0.7897938049488801,"[[9, 2, 1], [5, 4, 0], [5, 0, 2]]",EEG-only,3456
mod_EEG-only_none_RF,4,0,4,none,RF,False,3456,"{""max_depth"": 10, ""min_samples_leaf"": 5}",,0.5357142857142857,0.5046594982078854,0.7799421669252496,"[[9, 2, 1], [5, 4, 0], [5, 0, 2]]",EEG-only,3456
mod_EEG-only_none_RF,5,1,0,none,RF,True,3456,"{""max_depth"": 5, ""min_samples_leaf"": 1}",0.7578458605514932,0.4827586206896552,0.3703703703703704,0.7558117808117807,"[[11, 1, 1], [8, 0, 1], [4, 0, 3]]",EEG-only,3456
mod_EEG-only_none_RF,5,1,0,none,RF,False,3456,"{""max_depth"": 10, ""min_samples_leaf"": 5}",,0.4482758620689655,0.32491582491582494,0.7153994153994154,"[[11, 1, 1], [8, 0, 1], [4, 1, 2]]",EEG-only,3456
mod_EEG-only_none_RF,6,1,1,none,RF,True,3456,"{""max_depth"": 5, ""min_samples_leaf"": 1}",0.7165940469236501,0.6551724137931034,0.5916666666666667,0.8138639138639139,"[[12, 0, 1], [4, 5, 0], [3, 2, 2]]",EEG-only,3456
mod_EEG-only_none_RF,6,1,1,none,RF,False,3456,"{""max_depth"": 10, ""min_samples_leaf"": 5}",,0.6206896551724138,0.5733194009056078,0.7999828874828875,"[[10, 1, 2], [3, 6, 0], [3, 2, 2]]",EEG-only,3456
mod_EEG-only_none_RF,7,1,2,none,RF,True,3456,"{""max_depth"": 5, ""min_samples_leaf"": 1}",0.7970827567917599,0.41379310344827586,0.40952380952380957,0.6549408924408925,"[[6, 4, 3], [6, 2, 1], [3, 0, 4]]",EEG-only,3456
mod_EEG-only_none_RF,7,1,2,none,RF,False,3456,"{""max_depth"": 10, ""min_samples_leaf"": 5}",,0.4482758620689655,0.433935413245758,0.6343804343804343,"[[7, 3, 3], [6, 2, 1], [3, 0, 4]]",EEG-only,3456
mod_EEG-only_none_RF,8,1,3,none,RF,True,3456,"{""max_depth"": 10, ""min_samples_leaf"": 1}",0.7914497264658785,0.6551724137931034,0.6409146409146409,0.8289994147579286,"[[8, 3, 1], [2, 8, 0], [4, 0, 3]]",EEG-only,3456
mod_EEG-only_none_RF,8,1,3,none,RF,False,3456,"{""max_depth"": 10, ""min_samples_leaf"": 5}",,0.6551724137931034,0.6417179311916154,0.8042912539816566,"[[9, 2, 1], [3, 7, 0], [4, 0, 3]]",EEG-only,3456
mod_EEG-only_none_RF,9,1,4,none,RF,True,3456,"{""max_depth"": 5, ""min_samples_leaf"": 5}",0.7278833740718937,0.5714285714285714,0.5416666666666666,0.8227158919123205,"[[10, 1, 1], [7, 2, 0], [3, 0, 4]]",EEG-only,3456
mod_EEG-only_none_RF,9,1,4,none,RF,False,3456,"{""max_depth"": 10, ""min_samples_leaf"": 5}",,0.6071428571428571,0.5911221395092362,0.8271795560329395,"[[10, 1, 1], [6, 3, 0], [3, 0, 4]]",EEG-only,3456
mod_EEG-only_none_RF,10,2,0,none,RF,True,3456,"{""max_depth"": 5, ""min_samples_leaf"": 5}",0.7669210264245608,0.41379310344827586,0.4391534391534391,0.7236180486180487,"[[6, 6, 1], [7, 2, 0], [2, 1, 4]]",EEG-only,3456
mod_EEG-only_none_RF,10,2,0,none,RF,False,3456,"{""max_depth"": 10, ""min_samples_leaf"": 5}",,0.41379310344827586,0.4391534391534391,0.7129421504421504,"[[6, 6, 1], [7, 2, 0], [2, 1, 4]]",EEG-only,3456
mod_EEG-only_none_RF,11,2,1,none,RF,True,3456,"{""max_depth"": 5, ""min_samples_leaf"": 5}",0.7415688461480894,0.5517241379310345,0.5491039426523298,0.8026547526547526,"[[9, 3, 1], [6, 3, 0], [3, 0, 4]]",EEG-only,3456
mod_EEG-only_none_RF,11,2,1,none,RF,False,3456,"{""max_depth"": 10, ""min_samples_leaf"": 5}",,0.5862068965517241,0.5888888888888889,0.8055671180671181,"[[9, 3, 1], [5, 4, 0], [3, 0, 4]]",EEG-only,3456
mod_EEG-only_none_RF,12,2,2,none,RF,True,3456,"{""max_depth"": 10, ""min_samples_leaf"": 1}",0.7026990906907424,0.5172413793103449,0.49354838709677423,0.7191165316165314,"[[9, 2, 2], [6, 3, 0], [3, 1, 3]]",EEG-only,3456
mod_EEG-only_none_RF,12,2,2,none,RF,False,3456,"{""max_depth"": 10, ""min_samples_leaf"": 5}",,0.5517241379310345,0.5225330225330226,0.7246938246938246,"[[10, 1, 2], [6, 3, 0], [4, 0, 3]]",EEG-only,3456
mod_EEG-only_none_RF,13,2,3,none,RF,True,3456,"{""max_depth"": 10, ""min_samples_leaf"": 1}",0.7427051534472088,0.6896551724137931,0.6761195793453858,0.8098506069094306,"[[11, 0, 1], [7, 3, 0], [1, 0, 6]]",EEG-only,3456
mod_EEG-only_none_RF,13,2,3,none,RF,False,3456,"{""max_depth"": 10, ""min_samples_leaf"": 5}",,0.5517241379310345,0.5247863247863248,0.791841234101296,"[[9, 1, 2], [7, 2, 1], [2, 0, 5]]",EEG-only,3456
mod_EEG-only_none_RF,14,2,4,none,RF,True,3456,"{""max_depth"": 5, ""min_samples_leaf"": 1}",0.7038415588885704,0.6071428571428571,0.5237447065940714,0.8440110693400168,"[[10, 2, 0], [3, 6, 0], [4, 2, 1]]",EEG-only,3456
mod_EEG-only_none_RF,14,2,4,none,RF,False,3456,"{""max_depth"": 10, ""min_samples_leaf"": 5}",,0.6785714285714286,0.5944022770398482,0.8482279607749534,"[[11, 1, 0], [2, 7, 0], [6, 0, 1]]",EEG-only,3456
mod_EEG-only_none_RF,15,3,0,none,RF,True,3456,"{""max_depth"": 5, ""min_samples_leaf"": 1}",0.7365360072501975,0.5862068965517241,0.5888888888888889,0.8364510489510489,"[[9, 3, 1], [5, 4, 0], [3, 0, 4]]",EEG-only,3456
mod_EEG-only_none_RF,15,3,0,none,RF,False,3456,"{""max_depth"": 10, ""min_samples_leaf"": 5}",,0.6206896551724138,0.6150537634408603,0.8283350908350909,"[[10, 2, 1], [5, 4, 0], [3, 0, 4]]",EEG-only,3456
mod_EEG-only_none_RF,16,3,1,none,RF,True,3456,"{""max_depth"": 10, ""min_samples_leaf"": 1}",0.698751213956592,0.4827586206896552,0.4707070707070707,0.6960777648277648,"[[9, 4, 0], [7, 2, 0], [4, 0, 3]]",EEG-only,3456
mod_EEG-only_none_RF,16,3,1,none,RF,False,3456,"{""max_depth"": 10, ""min_samples_leaf"": 5}",,0.41379310344827586,0.37142857142857144,0.7107623857623858,"[[9, 4, 0], [9, 0, 0], [4, 0, 3]]",EEG-only,3456
mod_EEG-only_none_RF,17,3,2,none,RF,True,3456,"{""max_depth"": 5, ""min_samples_leaf"": 1}",0.7890044164782362,0.4827586206896552,0.5094017094017094,0.6926985051985052,"[[6, 6, 1], [5, 4, 0], [2, 1, 4]]",EEG-only,3456
mod_EEG-only_none_RF,17,3,2,none,RF,False,3456,"{""max_depth"": 10, ""min_samples_leaf"": 5}",,0.4827586206896552,0.5094017094017094,0.6930509305509306,"[[6, 6, 1], [5, 4, 0], [2, 1, 4]]",EEG-only,3456
mod_EEG-only_none_RF,18,3,3,none,RF,True,3456,"{""max_depth"": 5, ""min_samples_leaf"": 5}",0.7253654880110444,0.5172413793103449,0.4951923076923077,0.8189348147552482,"[[9, 1, 2], [8, 2, 0], [3, 0, 4]]",EEG-only,3456
mod_EEG-only_none_RF,18,3,3,none,RF,False,3456,"{""max_depth"": 10, ""min_samples_leaf"": 5}",,0.4827586206896552,0.45104895104895104,0.8110545972775075,"[[9, 1, 2], [8, 2, 0], [4, 0, 3]]",EEG-only,3456
mod_EEG-only_none_RF,19,3,4,none,RF,True,3456,"{""max_depth"": 10, ""min_samples_leaf"": 1}",0.7591844696953688,0.5,0.48717948717948717,0.6458348873175002,"[[6, 3, 3], [3, 6, 0], [5, 0, 2]]",EEG-only,3456
mod_EEG-only_none_RF,19,3,4,none,RF,False,3456,"{""max_depth"": 10, ""min_samples_leaf"": 5}",,0.35714285714285715,0.3272727272727273,0.6267895681664478,"[[6, 3, 3], [6, 3, 0], [6, 0, 1]]",EEG-only,3456
mod_EEG-only_none_RF,20,4,0,none,RF,True,3456,"{""max_depth"": 10, ""min_samples_leaf"": 5}",0.7270423895883226,0.5172413793103449,0.4939146874630746,0.7576553076553078,"[[9, 2, 2], [7, 2, 0], [2, 1, 4]]",EEG-only,3456
mod_EEG-only_none_RF,20,4,0,none,RF,False,3456,"{""max_depth"": 10, ""min_samples_leaf"": 5}",,0.5172413793103449,0.4939146874630746,0.7576553076553078,"[[9, 2, 2], [7, 2, 0], [2, 1, 4]]",EEG-only,3456
mod_EEG-only_none_RF,21,4,1,none,RF,True,3456,"{""max_depth"": 5, ""min_samples_leaf"": 1}",0.7651240756254708,0.6206896551724138,0.6216931216931217,0.7895604395604395,"[[9, 3, 1], [4, 5, 0], [2, 1, 4]]",EEG-only,3456
mod_EEG-only_none_RF,21,4,1,none,RF,False,3456,"{""max_depth"": 10, ""min_samples_leaf"": 5}",,0.6206896551724138,0.611111111111111,0.7603183853183854,"[[10, 2, 1], [5, 4, 0], [2, 1, 4]]",EEG-only,3456
mod_EEG-only_none_RF,22,4,2,none,RF,True,3456,"{""max_depth"": 10, ""min_samples_leaf"": 1}",0.7636791021242603,0.4482758620689655,0.45627139744786804,0.7287346912346914,"[[6, 4, 3], [6, 3, 0], [2, 1, 4]]",EEG-only,3456
mod_EEG-only_none_RF,22,4,2,none,RF,False,3456,"{""max_depth"": 10, ""min_samples_leaf"": 5}",,0.4827586206896552,0.4724093111189885,0.7451321826321826,"[[8, 3, 2], [7, 2, 0], [3, 0, 4]]",EEG-only,3456
mod_EEG-only_none_RF,23,4,3,none,RF,True,3456,"{""max_depth"": 5, ""min_samples_leaf"": 5}",0.8069500964287232,0.3793103448275862,0.3720959595959596,0.6846925692126931,"[[7, 4, 1], [9, 1, 0], [4, 0, 3]]",EEG-only,3456
mod_EEG-only_none_RF,23,4,3,none,RF,False,3456,"{""max_depth"": 10, ""min_samples_leaf"": 5}",,0.41379310344827586,0.4172043010752688,0.6963712757830406,"[[7, 4, 1], [9, 1, 0], [3, 0, 4]]",EEG-only,3456
mod_EEG-only_none_RF,24,4,4,none,RF,True,3456,"{""max_depth"": 5, ""min_samples_leaf"": 1}",0.7044739840945119,0.7142857142857143,0.6944444444444445,0.8783889286708836,"[[11, 1, 0], [3, 6, 0], [4, 0, 3]]",EEG-only,3456
mod_EEG-only_none_RF,24,4,4,none,RF,False,3456,"{""max_depth"": 10, ""min_samples_leaf"": 5}",,0.6785714285714286,0.6587813620071685,0.8559245335561126,"[[11, 1, 0], [4, 5, 0], [4, 0, 3]]",EEG-only,3456
mod_fNIRS-only_anova_LR,0,0,0,anova,LR,True,500,"{""C"": 0.01}",0.6394128846907549,0.4827586206896552,0.4331154684095861,0.6299330299330299,"[[10, 3, 0], [7, 2, 0], [4, 1, 2]]",fNIRS-only,1512
mod_fNIRS-only_anova_LR,0,0,0,anova,LR,False,50,"{""C"": 1.0}",,0.5517241379310345,0.5052498418722328,0.650460187960188,"[[10, 2, 1], [5, 4, 0], [3, 2, 2]]",fNIRS-only,1512
mod_fNIRS-only_anova_LR,1,0,1,anova,LR,True,50,"{""C"": 1}",0.6504545096613034,0.2413793103448276,0.26195286195286194,0.49515438265438266,"[[3, 9, 1], [6, 2, 1], [5, 0, 2]]",fNIRS-only,1512
mod_fNIRS-only_anova_LR,1,0,1,anova,LR,False,50,"{""C"": 1.0}",,0.2413793103448276,0.26195286195286194,0.49515438265438266,"[[3, 9, 1], [6, 2, 1], [5, 0, 2]]",fNIRS-only,1512
mod_fNIRS-only_anova_LR,2,0,2,anova,LR,True,200,"{""C"": 10}",0.5849532061769268,0.3793103448275862,0.3935693935693936,0.5956450956450957,"[[4, 5, 4], [5, 4, 0], [4, 0, 3]]",fNIRS-only,1512
mod_fNIRS-only_anova_LR,2,0,2,anova,LR,False,50,"{""C"": 1.0}",,0.27586206896551724,0.22905982905982905,0.48664807414807415,"[[6, 5, 2], [5, 1, 3], [6, 0, 1]]",fNIRS-only,1512
mod_fNIRS-only_anova_LR,3,0,3,anova,LR,True,500,"{""C"": 0.01}",0.6726276109136151,0.4827586206896552,0.5262406675450154,0.669570092789907,"[[5, 7, 0], [5, 5, 0], [2, 1, 4]]",fNIRS-only,1512
mod_fNIRS-only_anova_LR,3,0,3,anova,LR,False,50,"{""C"": 1.0}",,0.4827586206896552,0.46303030303030307,0.6286212411599409,"[[6, 6, 0], [2, 6, 2], [2, 3, 2]]",fNIRS-only,1512
mod_fNIRS-only_anova_LR,4,0,4,anova,LR,True,500,"{""C"": 0.01}",0.5664729973783215,0.4642857142857143,0.42758620689655175,0.6630284789354338,"[[7, 3, 2], [9, 0, 0], [1, 0, 6]]",fNIRS-only,1512
mod_fNIRS-only_anova_LR,4,0,4,anova,LR,False,50,"{""C"": 1.0}",,0.5,0.5,0.6677973455464056,"[[7, 3, 2], [7, 2, 0], [2, 0, 5]]",fNIRS-only,1512
mod_fNIRS-only_anova_LR,5,1,0,anova,LR,True,500,"{""C"": 1}",0.6773139694340293,0.5172413793103449,0.500366568914956,0.601082251082251,"[[9, 3, 1], [6, 3, 0], [3, 1, 3]]",fNIRS-only,1512
mod_fNIRS-only_anova_LR,5,1,0,anova,LR,False,50,"{""C"": 1.0}",,0.3448275862068966,0.3434343434343434,0.6279456654456654,"[[4, 8, 1], [3, 4, 2], [4, 1, 2]]",fNIRS-only,1512
mod_fNIRS-only_anova_LR,6,1,1,anova,LR,True,50,"{""C"": 0.1}",0.6716505171153413,0.4482758620689655,0.39823633156966487,0.6274859399859399,"[[7, 5, 1], [3, 5, 1], [4, 2, 1]]",fNIRS-only,1512
mod_fNIRS-only_anova_LR,6,1,1,anova,LR,False,50,"{""C"": 1.0}",,0.41379310344827586,0.40151515151515155,0.5896732896732896,"[[5, 5, 3], [4, 5, 0], [2, 3, 2]]",fNIRS-only,1512
mod_fNIRS-only_anova_LR,7,1,2,anova,LR,True,500,"{""C"": 10}",0.6524501978026064,0.4827586206896552,0.5038904450669156,0.6435564435564435,"[[6, 5, 2], [6, 3, 0], [2, 0, 5]]",fNIRS-only,1512
mod_fNIRS-only_anova_LR,7,1,2,anova,LR,False,50,"{""C"": 1.0}",,0.5172413793103449,0.513888888888889,0.6671643171643172,"[[7, 5, 1], [3, 3, 3], [1, 1, 5]]",fNIRS-only,1512
mod_fNIRS-only_anova_LR,8,1,3,anova,LR,True,200,"{""C"": 0.01}",0.6497305374530978,0.4482758620689655,0.43650793650793646,0.6721607941422182,"[[8, 3, 1], [9, 1, 0], [3, 0, 4]]",fNIRS-only,1512
mod_fNIRS-only_anova_LR,8,1,3,anova,LR,False,50,"{""C"": 1.0}",,0.27586206896551724,0.3053030303030303,0.5423641545932568,"[[1, 8, 3], [7, 2, 1], [2, 0, 5]]",fNIRS-only,1512
mod_fNIRS-only_anova_LR,9,1,4,anova,LR,True,500,"{""C"": 10}",0.6701572368052665,0.32142857142857145,0.30459770114942525,0.5988949307793292,"[[6, 5, 1], [8, 0, 1], [3, 1, 3]]",fNIRS-only,1512
mod_fNIRS-only_anova_LR,9,1,4,anova,LR,False,50,"{""C"": 1.0}",,0.2857142857142857,0.30128851540616247,0.5644381290527907,"[[3, 5, 4], [7, 2, 0], [3, 1, 3]]",fNIRS-only,1512
mod_fNIRS-only_anova_LR,10,2,0,anova,LR,True,100,"{""C"": 0.01}",0.5988351008723175,0.5517241379310345,0.49927849927849927,0.6691137566137567,"[[11, 2, 0], [6, 2, 1], [3, 1, 3]]",fNIRS-only,1512
mod_fNIRS-only_anova_LR,10,2,0,anova,LR,False,50,"{""C"": 1.0}",,0.4827586206896552,0.4682217714672076,0.6535187035187036,"[[8, 3, 2], [6, 3, 0], [2, 2, 3]]",fNIRS-only,1512
mod_fNIRS-only_anova_LR,11,2,1,anova,LR,True,100,"{""C"": 0.1}",0.6751962635654275,0.3448275862068966,0.3329768270944741,0.4812178562178562,"[[6, 5, 2], [7, 2, 0], [4, 1, 2]]",fNIRS-only,1512
mod_fNIRS-only_anova_LR,11,2,1,anova,LR,False,50,"{""C"": 1.0}",,0.3793103448275862,0.39285714285714285,0.5420880045880047,"[[5, 5, 3], [7, 2, 0], [3, 0, 4]]",fNIRS-only,1512
mod_fNIRS-only_anova_LR,12,2,2,anova,LR,True,100,"{""C"": 0.01}",0.6527859250958391,0.5172413793103449,0.47226890756302514,0.7459471084471084,"[[10, 2, 1], [6, 3, 0], [5, 0, 2]]",fNIRS-only,1512
mod_fNIRS-only_anova_LR,12,2,2,anova,LR,False,50,"{""C"": 1.0}",,0.5172413793103449,0.5074374577417173,0.7062978687978688,"[[8, 4, 1], [4, 4, 1], [4, 0, 3]]",fNIRS-only,1512
mod_fNIRS-only_anova_LR,13,2,3,anova,LR,True,500,"{""C"": 1}",0.6136997090700795,0.5517241379310345,0.5141987829614605,0.6466076063599283,"[[10, 2, 0], [5, 3, 2], [2, 2, 3]]",fNIRS-only,1512
mod_fNIRS-only_anova_LR,13,2,3,anova,LR,False,50,"{""C"": 1.0}",,0.3793103448275862,0.35999999999999993,0.5151385594110053,"[[6, 5, 1], [2, 3, 5], [5, 0, 2]]",fNIRS-only,1512
mod_fNIRS-only_anova_LR,14,2,4,anova,LR,True,100,"{""C"": 1}",0.6511928272418439,0.5357142857142857,0.531055900621118,0.5995886293113738,"[[6, 4, 2], [3, 6, 0], [2, 2, 3]]",fNIRS-only,1512
mod_fNIRS-only_anova_LR,14,2,4,anova,LR,False,50,"{""C"": 1.0}",,0.4642857142857143,0.47032436162870944,0.5334355233321398,"[[5, 5, 2], [4, 5, 0], [2, 2, 3]]",fNIRS-only,1512
mod_fNIRS-only_anova_LR,15,3,0,anova,LR,True,10,"{""C"": 1}",0.6691345423762868,0.41379310344827586,0.34313725490196073,0.4848336848336848,"[[9, 2, 2], [7, 1, 1], [5, 0, 2]]",fNIRS-only,1512
mod_fNIRS-only_anova_LR,15,3,0,anova,LR,False,50,"{""C"": 1.0}",,0.4482758620689655,0.4275985663082437,0.6712990712990713,"[[8, 3, 2], [7, 2, 0], [3, 1, 3]]",fNIRS-only,1512
mod_fNIRS-only_anova_LR,16,3,1,anova,LR,True,20,"{""C"": 1}",0.6897263346707742,0.3793103448275862,0.32222616093583833,0.5777551152551151,"[[8, 3, 2], [6, 1, 2], [4, 1, 2]]",fNIRS-only,1512
mod_fNIRS-only_anova_LR,16,3,1,anova,LR,False,50,"{""C"": 1.0}",,0.4482758620689655,0.4568627450980392,0.6680259555259555,"[[5, 4, 4], [4, 4, 1], [3, 0, 4]]",fNIRS-only,1512
mod_fNIRS-only_anova_LR,17,3,2,anova,LR,True,500,"{""C"": 0.01}",0.6595339854083221,0.4482758620689655,0.3797979797979798,0.6281792281792281,"[[10, 3, 0], [7, 1, 1], [3, 2, 2]]",fNIRS-only,1512
mod_fNIRS-only_anova_LR,17,3,2,anova,LR,False,50,"{""C"": 1.0}",,0.6206896551724138,0.5972222222222222,0.701876826876827,"[[10, 1, 2], [4, 5, 0], [3, 1, 3]]",fNIRS-only,1512
mod_fNIRS-only_anova_LR,18,3,3,anova,LR,True,500,"{""C"": 0.1}",0.6733908996342323,0.6206896551724138,0.6216931216931217,0.7811719584165404,"[[9, 2, 1], [5, 5, 0], [2, 1, 4]]",fNIRS-only,1512
mod_fNIRS-only_anova_LR,18,3,3,anova,LR,False,50,"{""C"": 1.0}",,0.4827586206896552,0.4904761904761905,0.7504782455246851,"[[8, 4, 0], [7, 3, 0], [1, 3, 3]]",fNIRS-only,1512
mod_fNIRS-only_anova_LR,19,3,4,anova,LR,True,100,"{""C"": 0.01}",0.7341767348967871,0.4642857142857143,0.4465237166991553,0.6374324949277956,"[[7, 5, 0], [4, 4, 1], [4, 1, 2]]",fNIRS-only,1512
mod_fNIRS-only_anova_LR,19,3,4,anova,LR,False,50,"{""C"": 1.0}",,0.4642857142857143,0.4783549783549783,0.6717693290766599,"[[4, 6, 2], [3, 5, 1], [3, 0, 4]]",fNIRS-only,1512
mod_fNIRS-only_anova_LR,20,4,0,anova,LR,True,500,"{""C"": 10}",0.6548541525986344,0.5862068965517241,0.5892857142857143,0.8193362193362193,"[[8, 2, 3], [4, 5, 0], [3, 0, 4]]",fNIRS-only,1512
mod_fNIRS-only_anova_LR,20,4,0,anova,LR,False,50,"{""C"": 1.0}",,0.5517241379310345,0.5860651629072682,0.7871276871276871,"[[6, 6, 1], [5, 4, 0], [1, 0, 6]]",fNIRS-only,1512
mod_fNIRS-only_anova_LR,21,4,1,anova,LR,True,100,"{""C"": 10}",0.6893781869767294,0.20689655172413793,0.20102120102120102,0.41914104414104414,"[[3, 9, 1], [5, 2, 2], [5, 1, 1]]",fNIRS-only,1512
mod_fNIRS-only_anova_LR,21,4,1,anova,LR,False,50,"{""C"": 1.0}",,0.3448275862068966,0.3393162393162393,0.5567562067562067,"[[5, 7, 1], [4, 3, 2], [4, 1, 2]]",fNIRS-only,1512
mod_fNIRS-only_anova_LR,22,4,2,anova,LR,True,100,"{""C"": 0.01}",0.6936586897809058,0.5172413793103449,0.3814814814814815,0.7023014023014023,"[[11, 2, 0], [5, 4, 0], [7, 0, 0]]",fNIRS-only,1512
mod_fNIRS-only_anova_LR,22,4,2,anova,LR,False,50,"{""C"": 1.0}",,0.3793103448275862,0.3761904761904762,0.5219673844673846,"[[6, 7, 0], [5, 3, 1], [4, 1, 2]]",fNIRS-only,1512
mod_fNIRS-only_anova_LR,23,4,3,anova,LR,True,500,"{""C"": 0.01}",0.6428176158324156,0.5172413793103449,0.4481481481481482,0.6460835689937857,"[[11, 0, 1], [8, 2, 0], [5, 0, 2]]",fNIRS-only,1512
mod_fNIRS-only_anova_LR,23,4,3,anova,LR,False,50,"{""C"": 1.0}",,0.3448275862068966,0.3452380952380953,0.6287858684143514,"[[5, 4, 3], [7, 2, 1], [4, 0, 3]]",fNIRS-only,1512
mod_fNIRS-only_anova_LR,24,4,4,anova,LR,True,100,"{""C"": 0.1}",0.6692777471306508,0.5,0.5018181818181818,0.650217433464614,"[[7, 4, 1], [5, 4, 0], [1, 3, 3]]",fNIRS-only,1512
mod_fNIRS-only_anova_LR,24,4,4,anova,LR,False,50,"{""C"": 1.0}",,0.4642857142857143,0.4348884381338743,0.6199607401440108,"[[8, 3, 1], [6, 3, 0], [3, 2, 2]]",fNIRS-only,1512
mod_fNIRS-only_none_RF,0,0,0,none,RF,True,1512,"{""max_depth"": 10, ""min_samples_leaf"": 5}",0.8071052139354808,0.7241379310344828,0.6838063896887426,0.8606513856513857,"[[13, 0, 0], [7, 2, 0], [1, 0, 6]]",fNIRS-only,1512
mod_fNIRS-only_none_RF,0,0,0,none,RF,False,1512,"{""max_depth"": 10, ""min_samples_leaf"": 5}",,0.7241379310344828,0.6838063896887426,0.8606513856513857,"[[13, 0, 0], [7, 2, 0], [1, 0, 6]]",fNIRS-only,1512
mod_fNIRS-only_none_RF,1,0,1,none,RF,True,1512,"{""max_depth"": 10, ""min_samples_leaf"": 1}",0.7522669785237879,0.7931034482758621,0.7795698924731184,0.8849532412032413,"[[13, 0, 0], [4, 5, 0], [1, 1, 5]]",fNIRS-only,1512
mod_fNIRS-only_none_RF,1,0,1,none,RF,False,1512,"{""max_depth"": 10, ""min_samples_leaf"": 5}",,0.7241379310344828,0.7267297723687176,0.9075415325415325,"[[11, 2, 0], [4, 5, 0], [1, 1, 5]]",fNIRS-only,1512
mod_fNIRS-only_none_RF,2,0,2,none,RF,True,1512,"{""max_depth"": 5, ""min_samples_leaf"": 5}",0.80579344662665,0.6896551724137931,0.6466089466089467,0.8355565730565729,"[[13, 0, 0], [7, 2, 0], [2, 0, 5]]",fNIRS-only,1512
mod_fNIRS-only_none_RF,2,0,2,none,RF,False,1512,"{""max_depth"": 10, ""min_samples_leaf"": 5}",,0.6896551724137931,0.6466089466089467,0.8325808450808451,"[[13, 0, 0], [7, 2, 0], [2, 0, 5]]",fNIRS-only,1512
mod_fNIRS-only_none_RF,3,0,3,none,RF,True,1512,"{""max_depth"": 5, ""min_samples_leaf"": 5}",0.809565965480247,0.5862068965517241,0.6107817303469477,0.8042461322647082,"[[7, 5, 0], [4, 6, 0], [1, 2, 4]]",fNIRS-only,1512
mod_fNIRS-only_none_RF,3,0,3,none,RF,False,1512,"{""max_depth"": 10, ""min_samples_leaf"": 5}",,0.5862068965517241,0.6107817303469477,0.8047766475011059,"[[7, 5, 0], [4, 6, 0], [1, 2, 4]]",fNIRS-only,1512
mod_fNIRS-only_none_RF,4,0,4,none,RF,True,1512,"{""max_depth"": 5, ""min_samples_leaf"": 1}",0.7875730695966129,0.6071428571428571,0.6098269546545408,0.7888676303854876,"[[9, 3, 0], [7, 2, 0], [1, 0, 6]]",fNIRS-only,1512
mod_fNIRS-only_none_RF,4,0,4,none,RF,False,1512,"{""max_depth"": 10, ""min_samples_leaf"": 5}",,0.6071428571428571,0.6098269546545408,0.8054536141942158,"[[9, 3, 0], [7, 2, 0], [1, 0, 6]]",fNIRS-only,1512
mod_fNIRS-only_none_RF,5,1,0,none,RF,True,1512,"{""max_depth"": 5, ""min_samples_leaf"": 5}",0.8110153019253333,0.7931034482758621,0.7867063492063493,0.87757104007104,"[[13, 0, 0], [4, 5, 0], [2, 0, 5]]",fNIRS-only,1512
mod_fNIRS-only_none_RF,5,1,0,none,RF,False,1512,"{""max_depth"": 10, ""min_samples_leaf"": 5}",,0.7586206896551724,0.7455322455322455,0.8682484182484181,"[[13, 0, 0], [5, 4, 0], [2, 0, 5]]",fNIRS-only,1512
mod_fNIRS-only_none_RF,6,1,1,none,RF,True,1512,"{""max_depth"": 5, ""min_samples_leaf"": 1}",0.78671664958041,0.6896551724137931,0.7037412666215913,0.8209711584711584,"[[10, 3, 0], [4, 5, 0], [2, 0, 5]]",fNIRS-only,1512
mod_fNIRS-only_none_RF,6,1,1,none,RF,False,1512,"{""max_depth"": 10, ""min_samples_leaf"": 5}",,0.7241379310344828,0.7305555555555556,0.8378478003478004,"[[11, 2, 0], [4, 5, 0], [2, 0, 5]]",fNIRS-only,1512
mod_fNIRS-only_none_RF,7,1,2,none,RF,True,1512,"{""max_depth"": 5, ""min_samples_leaf"": 1}",0.8157845775476157,0.5862068965517241,0.5598845598845599,0.7751304251304253,"[[11, 2, 0], [7, 2, 0], [2, 1, 4]]",fNIRS-only,1512
mod_fNIRS-only_none_RF,7,1,2,none,RF,False,1512,"{""max_depth"": 10, ""min_samples_leaf"": 5}",,0.6206896551724138,0.6049242424242424,0.7629153254153254,"[[11, 2, 0], [6, 3, 0], [2, 1, 4]]",fNIRS-only,1512
mod_fNIRS-only_none_RF,8,1,3,none,RF,True,1512,"{""max_depth"": 5, ""min_samples_leaf"": 5}",0.8140315497294687,0.7241379310344828,0.7115384615384617,0.7710847975553857,"[[12, 0, 0], [7, 3, 0], [1, 0, 6]]",fNIRS-only,1512
mod_fNIRS-only_none_RF,8,1,3,none,RF,False,1512,"{""max_depth"": 10, ""min_samples_leaf"": 5}",,0.6896551724137931,0.6871085903343968,0.7732492997198879,"[[11, 1, 0], [7, 3, 0], [1, 0, 6]]",fNIRS-only,1512
mod_fNIRS-only_none_RF,9,1,4,none,RF,True,1512,"{""max_depth"": 10, ""min_samples_leaf"": 1}",0.8266057092837142,0.6071428571428571,0.6108669108669109,0.8079312865497076,"[[9, 3, 0], [7, 2, 0], [0, 1, 6]]",fNIRS-only,1512
mod_fNIRS-only_none_RF,9,1,4,none,RF,False,1512,"{""max_depth"": 10, ""min_samples_leaf"": 5}",,0.6071428571428571,0.6108669108669109,0.802509746588694,"[[9, 3, 0], [7, 2, 0], [0, 1, 6]]",fNIRS-only,1512
mod_fNIRS-only_none_RF,10,2,0,none,RF,True,1512,"{""max_depth"": 5, ""min_samples_leaf"": 5}",0.7836882865480558,0.6896551724137931,0.6740481740481741,0.8343494468494468,"[[12, 1, 0], [6, 3, 0], [2, 0, 5]]",fNIRS-only,1512
mod_fNIRS-only_none_RF,10,2,0,none,RF,False,1512,"{""max_depth"": 10, ""min_samples_leaf"": 5}",,0.6896551724137931,0.6740481740481741,0.8297276797276797,"[[12, 1, 0], [6, 3, 0], [2, 0, 5]]",fNIRS-only,1512
mod_fNIRS-only_none_RF,11,2,1,none,RF,True,1512,"{""max_depth"": 5, ""min_samples_leaf"": 1}",0.779713285973363,0.7586206896551724,0.7351254480286739,0.862052762052762,"[[13, 0, 0], [5, 4, 0], [0, 2, 5]]",fNIRS-only,1512
mod_fNIRS-only_none_RF,11,2,1,none,RF,False,1512,"{""max_depth"": 10, ""min_samples_leaf"": 5}",,0.7931034482758621,0.775,0.8486111111111111,"[[13, 0, 0], [4, 5, 0], [0, 2, 5]]",fNIRS-only,1512
mod_fNIRS-only_none_RF,12,2,2,none,RF,True,1512,"{""max_depth"": 5, ""min_samples_leaf"": 5}",0.7740085040564891,0.6206896551724138,0.6025641025641025,0.8313778813778815,"[[11, 2, 0], [7, 2, 0], [2, 0, 5]]",fNIRS-only,1512
mod_fNIRS-only_none_RF,12,2,2,none,RF,False,1512,"{""max_depth"": 10, ""min_samples_leaf"": 5}",,0.6206896551724138,0.6025641025641025,0.8192261442261443,"[[11, 2, 0], [7, 2, 0], [2, 0, 5]]",fNIRS-only,1512
mod_fNIRS-only_none_RF,13,2,3,none,RF,True,1512,"{""max_depth"": 5, ""min_samples_leaf"": 5}",0.7917873790441591,0.5862068965517241,0.5490196078431372,0.7844689710014787,"[[11, 1, 0], [9, 1, 0], [2, 0, 5]]",fNIRS-only,1512
mod_fNIRS-only_none_RF,13,2,3,none,RF,False,1512,"{""max_depth"": 10, ""min_samples_leaf"": 5}",,0.5862068965517241,0.5490196078431372,0.7863437560031986,"[[11, 1, 0], [9, 1, 0], [2, 0, 5]]",fNIRS-only,1512
mod_fNIRS-only_none_RF,14,2,4,none,RF,True,1512,"{""max_depth"": 5, ""min_samples_leaf"": 1}",0.7857949750262644,0.6785714285714286,0.705353126405758,0.8283842045590166,"[[8, 4, 0], [4, 5, 0], [0, 1, 6]]",fNIRS-only,1512
mod_fNIRS-only_none_RF,14,2,4,none,RF,False,1512,"{""max_depth"": 10, ""min_samples_leaf"": 5}",,0.6428571428571429,0.6772575250836121,0.8197689163384653,"[[7, 5, 0], [4, 5, 0], [0, 1, 6]]",fNIRS-only,1512
mod_fNIRS-only_none_RF,15,3,0,none,RF,True,1512,"{""max_depth"": 5, ""min_samples_leaf"": 5}",0.8133380387897642,0.5862068965517241,0.5512820512820512,0.7096625596625596,"[[11, 2, 0], [8, 1, 0], [1, 1, 5]]",fNIRS-only,1512
mod_fNIRS-only_none_RF,15,3,0,none,RF,False,1512,"{""max_depth"": 10, ""min_samples_leaf"": 5}",,0.5862068965517241,0.5512820512820512,0.7068334443334443,"[[11, 2, 0], [8, 1, 0], [1, 1, 5]]",fNIRS-only,1512
mod_fNIRS-only_none_RF,16,3,1,none,RF,True,1512,"{""max_depth"": 5, ""min_samples_leaf"": 1}",0.818547675602067,0.5172413793103449,0.45925925925925926,0.6832292707292708,"[[11, 2, 0], [8, 1, 0], [4, 0, 3]]",fNIRS-only,1512
mod_fNIRS-only_none_RF,16,3,1,none,RF,False,1512,"{""max_depth"": 10, ""min_samples_leaf"": 5}",,0.5172413793103449,0.4608058608058608,0.6848276723276724,"[[11, 2, 0], [8, 1, 0], [3, 1, 3]]",fNIRS-only,1512
mod_fNIRS-only_none_RF,17,3,2,none,RF,True,1512,"{""max_depth"": 5, ""min_samples_leaf"": 1}",0.7851671335909419,0.6551724137931034,0.639423076923077,0.7921296296296297,"[[11, 2, 0], [7, 2, 0], [1, 0, 6]]",fNIRS-only,1512
mod_fNIRS-only_none_RF,17,3,2,none,RF,False,1512,"{""max_depth"": 10, ""min_samples_leaf"": 5}",,0.6551724137931034,0.639423076923077,0.8068019943019943,"[[11, 2, 0], [7, 2, 0], [1, 0, 6]]",fNIRS-only,1512
mod_fNIRS-only_none_RF,18,3,3,none,RF,True,1512,"{""max_depth"": 5, ""min_samples_leaf"": 5}",0.7920296704967278,0.8275862068965517,0.8402323892519972,0.8605951152390782,"[[11, 1, 0], [4, 6, 0], [0, 0, 7]]",fNIRS-only,1512
mod_fNIRS-only_none_RF,18,3,3,none,RF,False,1512,"{""max_depth"": 10, ""min_samples_leaf"": 5}",,0.8275862068965517,0.8402323892519972,0.8673718610251117,"[[11, 1, 0], [4, 6, 0], [0, 0, 7]]",fNIRS-only,1512
mod_fNIRS-only_none_RF,19,3,4,none,RF,True,1512,"{""max_depth"": 5, ""min_samples_leaf"": 1}",0.807026395937967,0.7857142857142857,0.7846768336964415,0.8909967130126905,"[[11, 1, 0], [3, 6, 0], [1, 1, 5]]",fNIRS-only,1512
mod_fNIRS-only_none_RF,19,3,4,none,RF,False,1512,"{""max_depth"": 10, ""min_samples_leaf"": 5}",,0.75,0.7564102564102564,0.8541790985400007,"[[10, 2, 0], [3, 6, 0], [1, 1, 5]]",fNIRS-only,1512
mod_fNIRS-only_none_RF,20,4,0,none,RF,True,1512,"{""max_depth"": 10, ""min_samples_leaf"": 1}",0.7923983568630844,0.6896551724137931,0.6893378226711558,0.8939000814000814,"[[10, 3, 0], [3, 6, 0], [1, 2, 4]]",fNIRS-only,1512
mod_fNIRS-only_none_RF,20,4,0,none,RF,False,1512,"{""max_depth"": 10, ""min_samples_leaf"": 5}",,0.7241379310344828,0.7148553201184781,0.8907879157879158,"[[11, 2, 0], [3, 6, 0], [1, 2, 4]]",fNIRS-only,1512
mod_fNIRS-only_none_RF,21,4,1,none,RF,True,1512,"{""max_depth"": 10, ""min_samples_leaf"": 5}",0.8198183894077746,0.6206896551724138,0.625,0.8058483183483184,"[[10, 3, 0], [6, 3, 0], [1, 1, 5]]",fNIRS-only,1512
mod_fNIRS-only_none_RF,21,4,1,none,RF,False,1512,"{""max_depth"": 10, ""min_samples_leaf"": 5}",,0.6206896551724138,0.625,0.8058483183483184,"[[10, 3, 0], [6, 3, 0], [1, 1, 5]]",fNIRS-only,1512
mod_fNIRS-only_none_RF,22,4,2,none,RF,True,1512,"{""max_depth"": 5, ""min_samples_leaf"": 5}",0.8123184318039379,0.6551724137931034,0.6788407670760611,0.819701132201132,"[[9, 4, 0], [5, 4, 0], [1, 0, 6]]",fNIRS-only,1512
mod_fNIRS-only_none_RF,22,4,2,none,RF,False,1512,"{""max_depth"": 10, ""min_samples_leaf"": 5}",,0.6551724137931034,0.6788407670760611,0.8365578865578865,"[[9, 4, 0], [5, 4, 0], [1, 0, 6]]",fNIRS-only,1512
mod_fNIRS-only_none_RF,23,4,3,none,RF,True,1512,"{""max_depth"": 5, ""min_samples_leaf"": 1}",0.7985611041129034,0.6896551724137931,0.6363636363636364,0.8277949776401788,"[[12, 0, 0], [9, 1, 0], [0, 0, 7]]",fNIRS-only,1512
mod_fNIRS-only_none_RF,23,4,3,none,RF,False,1512,"{""max_depth"": 10, ""min_samples_leaf"": 5}",,0.7241379310344828,0.6944444444444443,0.8357241142070864,"[[12, 0, 0], [8, 2, 0], [0, 0, 7]]",fNIRS-only,1512
mod_fNIRS-only_none_RF,24,4,4,none,RF,True,1512,"{""max_depth"": 10, ""min_samples_leaf"": 1}",0.8739464928873052,0.4642857142857143,0.4646464646464647,0.6606393836774476,"[[8, 4, 0], [8, 1, 0], [2, 1, 4]]",fNIRS-only,1512
mod_fNIRS-only_none_RF,24,4,4,none,RF,False,1512,"{""max_depth"": 10, ""min_samples_leaf"": 5}",,0.4642857142857143,0.4679989550679206,0.6526484862951029,"[[8, 4, 0], [8, 1, 0], [1, 2, 4]]",fNIRS-only,1512
mod_Multimodal_anova_LR,0,0,0,anova,LR,True,200,"{""C"": 0.01}",0.6947690551811002,0.5517241379310345,0.5404007756948933,0.6975371850371851,"[[8, 3, 2], [3, 5, 1], [4, 0, 3]]",Multimodal,4968
mod_Multimodal_anova_LR,0,0,0,anova,LR,False,50,"{""C"": 1.0}",,0.4482758620689655,0.4501424501424502,0.6353882228882229,"[[6, 5, 2], [4, 4, 1], [4, 0, 3]]",Multimodal,4968
mod_Multimodal_anova_LR,1,0,1,anova,LR,True,500,"{""C"": 0.01}",0.7801917726368962,0.5517241379310345,0.5631528964862298,0.6795093795093795,"[[7, 4, 2], [4, 5, 0], [3, 0, 4]]",Multimodal,4968
mod_Multimodal_anova_LR,1,0,1,anova,LR,False,50,"{""C"": 1.0}",,0.5517241379310345,0.5584615384615385,0.7216931216931216,"[[5, 6, 2], [2, 7, 0], [0, 3, 4]]",Multimodal,4968
mod_Multimodal_anova_LR,2,0,2,anova,LR,True,50,"{""C"": 0.01}",0.7109777407791298,0.5862068965517241,0.532702591526121,0.8055430680430681,"[[11, 1, 1], [8, 1, 0], [2, 0, 5]]",Multimodal,4968
mod_Multimodal_anova_LR,2,0,2,anova,LR,False,50,"{""C"": 1.0}",,0.7241379310344828,0.7203029359892105,0.8512617012617012,"[[10, 1, 2], [3, 6, 0], [1, 1, 5]]",Multimodal,4968
mod_Multimodal_anova_LR,3,0,3,anova,LR,True,200,"{""C"": 0.01}",0.7445982233639059,0.6896551724137931,0.712121212121212,0.8210901585514588,"[[8, 4, 0], [3, 7, 0], [1, 1, 5]]",Multimodal,4968
mod_Multimodal_anova_LR,3,0,3,anova,LR,False,50,"{""C"": 1.0}",,0.6551724137931034,0.6529914529914529,0.7437240605971255,"[[9, 2, 1], [4, 6, 0], [1, 2, 4]]",Multimodal,4968
mod_Multimodal_anova_LR,4,0,4,anova,LR,True,100,"{""C"": 0.01}",0.7315301679627311,0.5357142857142857,0.5542497625830959,0.778349022357481,"[[7, 4, 1], [6, 3, 0], [2, 0, 5]]",Multimodal,4968
mod_Multimodal_anova_LR,4,0,4,anova,LR,False,50,"{""C"": 1.0}",,0.6785714285714286,0.6654456654456654,0.8327173340096272,"[[10, 1, 1], [3, 5, 1], [3, 0, 4]]",Multimodal,4968
mod_Multimodal_anova_LR,5,1,0,anova,LR,True,100,"{""C"": 0.01}",0.7360859954108862,0.5862068965517241,0.5630391114262082,0.741051541051541,"[[10, 2, 1], [5, 3, 1], [3, 0, 4]]",Multimodal,4968
mod_Multimodal_anova_LR,5,1,0,anova,LR,False,50,"{""C"": 1.0}",,0.5862068965517241,0.5555555555555555,0.7457722832722832,"[[10, 2, 1], [4, 4, 1], [3, 1, 3]]",Multimodal,4968
mod_Multimodal_anova_LR,6,1,1,anova,LR,True,200,"{""C"": 0.01}",0.7490439813804151,0.3103448275862069,0.2849168375484165,0.6047979797979798,"[[5, 5, 3], [6, 3, 0], [4, 2, 1]]",Multimodal,4968
mod_Multimodal_anova_LR,6,1,1,anova,LR,False,50,"{""C"": 1.0}",,0.3103448275862069,0.23809523809523805,0.5283882783882784,"[[6, 5, 2], [6, 3, 0], [3, 4, 0]]",Multimodal,4968
mod_Multimodal_anova_LR,7,1,2,anova,LR,True,200,"{""C"": 0.1}",0.7729365047106628,0.5172413793103449,0.5251960784313726,0.6892834017834018,"[[6, 4, 3], [4, 4, 1], [2, 0, 5]]",Multimodal,4968
mod_Multimodal_anova_LR,7,1,2,anova,LR,False,50,"{""C"": 1.0}",,0.4827586206896552,0.5004830917874395,0.6598549598549598,"[[5, 6, 2], [4, 4, 1], [1, 1, 5]]",Multimodal,4968
mod_Multimodal_anova_LR,8,1,3,anova,LR,True,10,"{""C"": 0.1}",0.7159713989741786,0.4482758620689655,0.3669467787114846,0.7437982210428031,"[[9, 0, 3], [10, 0, 0], [3, 0, 4]]",Multimodal,4968
mod_Multimodal_anova_LR,8,1,3,anova,LR,False,50,"{""C"": 1.0}",,0.5862068965517241,0.5555555555555555,0.6822718561108654,"[[10, 1, 1], [5, 4, 1], [3, 1, 3]]",Multimodal,4968
mod_Multimodal_anova_LR,9,1,4,anova,LR,True,200,"{""C"": 0.01}",0.7078529833405788,0.6071428571428571,0.597979797979798,0.8166547320682659,"[[10, 2, 0], [6, 3, 0], [2, 1, 4]]",Multimodal,4968
mod_Multimodal_anova_LR,9,1,4,anova,LR,False,50,"{""C"": 1.0}",,0.6428571428571429,0.6389759665621735,0.778671007876835,"[[10, 2, 0], [5, 4, 0], [2, 1, 4]]",Multimodal,4968
mod_Multimodal_anova_LR,10,2,0,anova,LR,True,200,"{""C"": 0.1}",0.7214155233570018,0.5517241379310345,0.5562610229276896,0.6997053872053872,"[[8, 5, 0], [4, 5, 0], [2, 2, 3]]",Multimodal,4968
mod_Multimodal_anova_LR,10,2,0,anova,LR,False,50,"{""C"": 1.0}",,0.5172413793103449,0.555000555000555,0.7483447108447109,"[[5, 8, 0], [3, 6, 0], [0, 3, 4]]",Multimodal,4968
mod_Multimodal_anova_LR,11,2,1,anova,LR,True,10,"{""C"": 10}",0.7158494955740563,0.6551724137931034,0.6393018745959923,0.7656524031524031,"[[10, 2, 1], [3, 5, 1], [2, 1, 4]]",Multimodal,4968
mod_Multimodal_anova_LR,11,2,1,anova,LR,False,50,"{""C"": 1.0}",,0.5862068965517241,0.5990338164251208,0.8008459133459134,"[[7, 6, 0], [2, 6, 1], [1, 2, 4]]",Multimodal,4968
mod_Multimodal_anova_LR,12,2,2,anova,LR,True,50,"{""C"": 0.01}",0.7261055635618637,0.4482758620689655,0.2740740740740741,0.7221292596292597,"[[12, 0, 1], [9, 0, 0], [6, 0, 1]]",Multimodal,4968
mod_Multimodal_anova_LR,12,2,2,anova,LR,False,50,"{""C"": 1.0}",,0.5862068965517241,0.5555555555555555,0.6782097532097532,"[[9, 3, 1], [3, 6, 0], [5, 0, 2]]",Multimodal,4968
mod_Multimodal_anova_LR,13,2,3,anova,LR,True,20,"{""C"": 0.01}",0.7419662896223636,0.4482758620689655,0.31941031941031944,0.5934019540830686,"[[11, 0, 1], [9, 0, 1], [5, 0, 2]]",Multimodal,4968
mod_Multimodal_anova_LR,13,2,3,anova,LR,False,50,"{""C"": 1.0}",,0.5517241379310345,0.49572649572649574,0.7120961941395377,"[[9, 1, 2], [6, 1, 3], [0, 1, 6]]",Multimodal,4968
mod_Multimodal_anova_LR,14,2,4,anova,LR,True,500,"{""C"": 0.01}",0.7210835404333552,0.5,0.5032467532467533,0.6899465926721566,"[[4, 7, 1], [2, 7, 0], [3, 1, 3]]",Multimodal,4968
mod_Multimodal_anova_LR,14,2,4,anova,LR,False,50,"{""C"": 1.0}",,0.5357142857142857,0.45715778474399166,0.6839289443847715,"[[10, 1, 1], [3, 4, 2], [4, 2, 1]]",Multimodal,4968
mod_Multimodal_anova_LR,15,3,0,anova,LR,True,200,"{""C"": 0.01}",0.6980808250379348,0.4827586206896552,0.4700617283950617,0.6568167943167943,"[[7, 3, 3], [6, 2, 1], [1, 1, 5]]",Multimodal,4968
mod_Multimodal_anova_LR,15,3,0,anova,LR,False,50,"{""C"": 1.0}",,0.5172413793103449,0.5182474903837133,0.663515651015651,"[[4, 5, 4], [2, 6, 1], [0, 2, 5]]",Multimodal,4968
mod_Multimodal_anova_LR,16,3,1,anova,LR,True,200,"{""C"": 0.1}",0.7244108430598613,0.6206896551724138,0.641537074599955,0.8059232434232434,"[[9, 4, 0], [5, 4, 0], [2, 0, 5]]",Multimodal,4968
mod_Multimodal_anova_LR,16,3,1,anova,LR,False,50,"{""C"": 1.0}",,0.5517241379310345,0.58300395256917,0.7816826691826693,"[[6, 7, 0], [3, 6, 0], [1, 2, 4]]",Multimodal,4968
mod_Multimodal_anova_LR,17,3,2,anova,LR,True,500,"{""C"": 0.01}",0.7592075328452896,0.5172413793103449,0.48020527859237533,0.6976634476634477,"[[10, 2, 1], [7, 2, 0], [1, 3, 3]]",Multimodal,4968
mod_Multimodal_anova_LR,17,3,2,anova,LR,False,50,"{""C"": 1.0}",,0.6896551724137931,0.6604506604506605,0.7928321678321678,"[[10, 2, 1], [2, 7, 0], [1, 3, 3]]",Multimodal,4968
mod_Multimodal_anova_LR,18,3,3,anova,LR,True,200,"{""C"": 0.01}",0.7049017375777199,0.6551724137931034,0.6626180836707153,0.8522203458735967,"[[9, 3, 0], [4, 5, 1], [1, 1, 5]]",Multimodal,4968
mod_Multimodal_anova_LR,18,3,3,anova,LR,False,50,"{""C"": 1.0}",,0.6551724137931034,0.6147186147186147,0.7929192410616559,"[[12, 0, 0], [5, 4, 1], [4, 0, 3]]",Multimodal,4968
mod_Multimodal_anova_LR,19,3,4,anova,LR,True,50,"{""C"": 0.1}",0.8207414127061265,0.32142857142857145,0.2992562542258283,0.6022217000835423,"[[5, 5, 2], [6, 3, 0], [6, 0, 1]]",Multimodal,4968
mod_Multimodal_anova_LR,19,3,4,anova,LR,False,50,"{""C"": 1.0}",,0.39285714285714285,0.395959595959596,0.598245365397621,"[[4, 7, 1], [4, 5, 0], [4, 1, 2]]",Multimodal,4968
mod_Multimodal_anova_LR,20,4,0,anova,LR,True,200,"{""C"": 0.01}",0.7705866417450671,0.5862068965517241,0.5783251231527093,0.8043993043993044,"[[9, 2, 2], [6, 3, 0], [1, 1, 5]]",Multimodal,4968
mod_Multimodal_anova_LR,20,4,0,anova,LR,False,50,"{""C"": 1.0}",,0.6206896551724138,0.6216931216931217,0.7997775372775373,"[[9, 3, 1], [4, 5, 0], [2, 1, 4]]",Multimodal,4968
mod_Multimodal_anova_LR,21,4,1,anova,LR,True,500,"{""C"": 0.01}",0.7237014325638284,0.4827586206896552,0.4696914700544464,0.6657745032745033,"[[7, 5, 1], [4, 5, 0], [5, 0, 2]]",Multimodal,4968
mod_Multimodal_anova_LR,21,4,1,anova,LR,False,50,"{""C"": 1.0}",,0.5517241379310345,0.5234848484848484,0.7588462463462463,"[[10, 3, 0], [5, 3, 1], [4, 0, 3]]",Multimodal,4968
mod_Multimodal_anova_LR,22,4,2,anova,LR,True,500,"{""C"": 0.01}",0.7935953760946807,0.5862068965517241,0.5952380952380952,0.7466954341954342,"[[8, 3, 2], [5, 4, 0], [2, 0, 5]]",Multimodal,4968
mod_Multimodal_anova_LR,22,4,2,anova,LR,False,50,"{""C"": 1.0}",,0.5517241379310345,0.5460157126823794,0.7233886483886484,"[[8, 4, 1], [4, 5, 0], [2, 2, 3]]",Multimodal,4968
mod_Multimodal_anova_LR,23,4,3,anova,LR,True,100,"{""C"": 0.1}",0.7252166789128701,0.3103448275862069,0.3324175824175824,0.6177909122181567,"[[3, 8, 1], [5, 3, 2], [4, 0, 3]]",Multimodal,4968
mod_Multimodal_anova_LR,23,4,3,anova,LR,False,50,"{""C"": 1.0}",,0.3793103448275862,0.3919413919413919,0.6108093317071644,"[[4, 7, 1], [4, 4, 2], [4, 0, 3]]",Multimodal,4968
mod_Multimodal_anova_LR,24,4,4,anova,LR,True,100,"{""C"": 0.1}",0.7489306966802446,0.5,0.5271745798061588,0.6374250358037952,"[[7, 5, 0], [6, 3, 0], [1, 2, 4]]",Multimodal,4968
mod_Multimodal_anova_LR,24,4,4,anova,LR,False,50,"{""C"": 1.0}",,0.42857142857142855,0.4200779727095516,0.5136595208258742,"[[7, 5, 0], [6, 3, 0], [3, 2, 2]]",Multimodal,4968
mod_Multimodal_none_RF,0,0,0,none,RF,True,4968,"{""max_depth"": 10, ""min_samples_leaf"": 1}",0.8086845712120745,0.8275862068965517,0.8253574382606641,0.866934916934917,"[[13, 0, 0], [4, 5, 0], [1, 0, 6]]",Multimodal,4968
mod_Multimodal_none_RF,0,0,0,none,RF,False,4968,"{""max_depth"": 10, ""min_samples_leaf"": 5}",,0.8275862068965517,0.8253574382606641,0.862004662004662,"[[13, 0, 0], [4, 5, 0], [1, 0, 6]]",Multimodal,4968
mod_Multimodal_none_RF,1,0,1,none,RF,True,4968,"{""max_depth"": 10, ""min_samples_leaf"": 1}",0.8132217830211169,0.6551724137931034,0.6666666666666666,0.8148693898693898,"[[10, 3, 0], [5, 4, 0], [2, 0, 5]]",Multimodal,4968
mod_Multimodal_none_RF,1,0,1,none,RF,False,4968,"{""max_depth"": 10, ""min_samples_leaf"": 5}",,0.6206896551724138,0.641537074599955,0.7996392496392497,"[[9, 4, 0], [5, 4, 0], [2, 0, 5]]",Multimodal,4968
mod_Multimodal_none_RF,2,0,2,none,RF,True,4968,"{""max_depth"": 10, ""min_samples_leaf"": 1}",0.8390209288589001,0.7586206896551724,0.7455322455322455,0.8574781699781701,"[[13, 0, 0], [5, 4, 0], [2, 0, 5]]",Multimodal,4968
mod_Multimodal_none_RF,2,0,2,none,RF,False,4968,"{""max_depth"": 10, ""min_samples_leaf"": 5}",,0.7241379310344828,0.7182539682539683,0.8657083657083656,"[[12, 1, 0], [5, 4, 0], [2, 0, 5]]",Multimodal,4968
mod_Multimodal_none_RF,3,0,3,none,RF,True,4968,"{""max_depth"": 5, ""min_samples_leaf"": 1}",0.7936524239206232,0.6206896551724138,0.6345059793335656,0.8810683124924611,"[[9, 3, 0], [5, 5, 0], [3, 0, 4]]",Multimodal,4968
mod_Multimodal_none_RF,3,0,3,none,RF,False,4968,"{""max_depth"": 10, ""min_samples_leaf"": 5}",,0.6896551724137931,0.6910457963089541,0.8687746549975651,"[[10, 2, 0], [4, 6, 0], [2, 1, 4]]",Multimodal,4968
mod_Multimodal_none_RF,4,0,4,none,RF,True,4968,"{""max_depth"": 5, ""min_samples_leaf"": 1}",0.8063777931290631,0.6785714285714286,0.655362558588365,0.8147768976011457,"[[11, 1, 0], [7, 2, 0], [1, 0, 6]]",Multimodal,4968
mod_Multimodal_none_RF,4,0,4,none,RF,False,4968,"{""max_depth"": 10, ""min_samples_leaf"": 5}",,0.6428571428571429,0.6324786324786325,0.8068683613796396,"[[10, 2, 0], [7, 2, 0], [1, 0, 6]]",Multimodal,4968
mod_Multimodal_none_RF,5,1,0,none,RF,True,4968,"{""max_depth"": 5, ""min_samples_leaf"": 1}",0.8188033875113412,0.6551724137931034,0.6241830065359477,0.8771127021127021,"[[12, 1, 0], [7, 2, 0], [2, 0, 5]]",Multimodal,4968
mod_Multimodal_none_RF,5,1,0,none,RF,False,4968,"{""max_depth"": 10, ""min_samples_leaf"": 5}",,0.6896551724137931,0.6740481740481741,0.8679602804602805,"[[12, 1, 0], [6, 3, 0], [2, 0, 5]]",Multimodal,4968
mod_Multimodal_none_RF,6,1,1,none,RF,True,4968,"{""max_depth"": 5, ""min_samples_leaf"": 1}",0.7848413011287457,0.7931034482758621,0.7944444444444444,0.8818371443371443,"[[12, 1, 0], [3, 6, 0], [2, 0, 5]]",Multimodal,4968
mod_Multimodal_none_RF,6,1,1,none,RF,False,4968,"{""max_depth"": 10, ""min_samples_leaf"": 5}",,0.7931034482758621,0.7889339643903539,0.8796527546527546,"[[12, 1, 0], [3, 6, 0], [1, 1, 5]]",Multimodal,4968
mod_Multimodal_none_RF,7,1,2,none,RF,True,4968,"{""max_depth"": 5, ""min_samples_leaf"": 1}",0.8417266333890884,0.6206896551724138,0.6075036075036074,0.7682609057609057,"[[11, 2, 0], [6, 3, 0], [3, 0, 4]]",Multimodal,4968
mod_Multimodal_none_RF,7,1,2,none,RF,False,4968,"{""max_depth"": 10, ""min_samples_leaf"": 5}",,0.6206896551724138,0.6075036075036074,0.7679047804047805,"[[11, 2, 0], [6, 3, 0], [3, 0, 4]]",Multimodal,4968
mod_Multimodal_none_RF,8,1,3,none,RF,True,4968,"{""max_depth"": 10, ""min_samples_leaf"": 1}",0.8402425576604826,0.7586206896551724,0.7688992042440318,0.8868589700633045,"[[11, 1, 0], [5, 5, 0], [1, 0, 6]]",Multimodal,4968
mod_Multimodal_none_RF,8,1,3,none,RF,False,4968,"{""max_depth"": 10, ""min_samples_leaf"": 5}",,0.7931034482758621,0.7965811965811967,0.8561617948614852,"[[12, 0, 0], [5, 5, 0], [1, 0, 6]]",Multimodal,4968
mod_Multimodal_none_RF,9,1,4,none,RF,True,4968,"{""max_depth"": 5, ""min_samples_leaf"": 1}",0.8131667280572467,0.6785714285714286,0.6547008547008547,0.8554185563114135,"[[11, 1, 0], [7, 2, 0], [0, 1, 6]]",Multimodal,4968
mod_Multimodal_none_RF,9,1,4,none,RF,False,4968,"{""max_depth"": 10, ""min_samples_leaf"": 5}",,0.7142857142857143,0.6768679349324511,0.8760051169590644,"[[12, 0, 0], [7, 2, 0], [0, 1, 6]]",Multimodal,4968
mod_Multimodal_none_RF,10,2,0,none,RF,True,4968,"{""max_depth"": 10, ""min_samples_leaf"": 1}",0.8124962577781417,0.7931034482758621,0.7944444444444444,0.8418202168202168,"[[12, 1, 0], [3, 6, 0], [2, 0, 5]]",Multimodal,4968
mod_Multimodal_none_RF,10,2,0,none,RF,False,4968,"{""max_depth"": 10, ""min_samples_leaf"": 5}",,0.7586206896551724,0.7580645161290324,0.8294191919191919,"[[12, 1, 0], [4, 5, 0], [2, 0, 5]]",Multimodal,4968
mod_Multimodal_none_RF,11,2,1,none,RF,True,4968,"{""max_depth"": 5, ""min_samples_leaf"": 1}",0.7681901627069032,0.6896551724137931,0.6706349206349206,0.8638412513412512,"[[12, 1, 0], [6, 3, 0], [1, 1, 5]]",Multimodal,4968
mod_Multimodal_none_RF,11,2,1,none,RF,False,4968,"{""max_depth"": 10, ""min_samples_leaf"": 5}",,0.7241379310344828,0.6942501942501943,0.8590136715136715,"[[13, 0, 0], [6, 3, 0], [1, 1, 5]]",Multimodal,4968
mod_Multimodal_none_RF,12,2,2,none,RF,True,4968,"{""max_depth"": 10, ""min_samples_leaf"": 1}",0.777920737474897,0.7241379310344828,0.7182539682539683,0.8937853812853813,"[[12, 1, 0], [5, 4, 0], [2, 0, 5]]",Multimodal,4968
mod_Multimodal_none_RF,12,2,2,none,RF,False,4968,"{""max_depth"": 10, ""min_samples_leaf"": 5}",,0.7586206896551724,0.7455322455322455,0.8569717319717319,"[[13, 0, 0], [5, 4, 0], [2, 0, 5]]",Multimodal,4968
mod_Multimodal_none_RF,13,2,3,none,RF,True,4968,"{""max_depth"": 10, ""min_samples_leaf"": 5}",0.819561485518213,0.6206896551724138,0.566955266955267,0.8502278423331054,"[[12, 0, 0], [9, 1, 0], [2, 0, 5]]",Multimodal,4968
mod_Multimodal_none_RF,13,2,3,none,RF,False,4968,"{""max_depth"": 10, ""min_samples_leaf"": 5}",,0.6206896551724138,0.566955266955267,0.8502278423331054,"[[12, 0, 0], [9, 1, 0], [2, 0, 5]]",Multimodal,4968
mod_Multimodal_none_RF,14,2,4,none,RF,True,4968,"{""max_depth"": 5, ""min_samples_leaf"": 1}",0.7907242533073974,0.6428571428571429,0.669683257918552,0.8451436130007558,"[[8, 4, 0], [5, 4, 0], [1, 0, 6]]",Multimodal,4968
mod_Multimodal_none_RF,14,2,4,none,RF,False,4968,"{""max_depth"": 10, ""min_samples_leaf"": 5}",,0.75,0.76991452991453,0.8655200749890599,"[[9, 3, 0], [3, 6, 0], [1, 0, 6]]",Multimodal,4968
mod_Multimodal_none_RF,15,3,0,none,RF,True,4968,"{""max_depth"": 5, ""min_samples_leaf"": 1}",0.830645671504456,0.5862068965517241,0.5512820512820512,0.821509509009509,"[[11, 2, 0], [8, 1, 0], [1, 1, 5]]",Multimodal,4968
mod_Multimodal_none_RF,15,3,0,none,RF,False,4968,"{""max_depth"": 10, ""min_samples_leaf"": 5}",,0.6551724137931034,0.6645255803470814,0.8074425574425574,"[[10, 3, 0], [5, 4, 0], [1, 1, 5]]",Multimodal,4968
mod_Multimodal_none_RF,16,3,1,none,RF,True,4968,"{""max_depth"": 5, ""min_samples_leaf"": 1}",0.8059385946063647,0.5172413793103449,0.4913165266106443,0.7205988455988456,"[[10, 3, 0], [7, 2, 0], [4, 0, 3]]",Multimodal,4968
mod_Multimodal_none_RF,16,3,1,none,RF,False,4968,"{""max_depth"": 10, ""min_samples_leaf"": 5}",,0.5172413793103449,0.4913165266106443,0.6562062937062937,"[[10, 3, 0], [7, 2, 0], [4, 0, 3]]",Multimodal,4968
mod_Multimodal_none_RF,17,3,2,none,RF,True,4968,"{""max_depth"": 5, ""min_samples_leaf"": 1}",0.8320385752129157,0.6896551724137931,0.6854700854700854,0.8159581159581158,"[[11, 2, 0], [6, 3, 0], [0, 1, 6]]",Multimodal,4968
mod_Multimodal_none_RF,17,3,2,none,RF,False,4968,"{""max_depth"": 10, ""min_samples_leaf"": 5}",,0.6896551724137931,0.6854700854700854,0.8160848410848413,"[[11, 2, 0], [6, 3, 0], [0, 1, 6]]",Multimodal,4968
mod_Multimodal_none_RF,18,3,3,none,RF,True,4968,"{""max_depth"": 5, ""min_samples_leaf"": 5}",0.7742308791384743,0.8620689655172413,0.8690476190476191,0.9156518747850018,"[[12, 0, 0], [4, 6, 0], [0, 0, 7]]",Multimodal,4968
mod_Multimodal_none_RF,18,3,3,none,RF,False,4968,"{""max_depth"": 10, ""min_samples_leaf"": 5}",,0.896551724137931,0.9041394335511983,0.9170450636394909,"[[12, 0, 0], [3, 7, 0], [0, 0, 7]]",Multimodal,4968
mod_Multimodal_none_RF,19,3,4,none,RF,True,4968,"{""max_depth"": 10, ""min_samples_leaf"": 1}",0.7997941675238648,0.7142857142857143,0.7126984126984127,0.8423023083502407,"[[11, 1, 0], [5, 4, 0], [2, 0, 5]]",Multimodal,4968
mod_Multimodal_none_RF,19,3,4,none,RF,False,4968,"{""max_depth"": 10, ""min_samples_leaf"": 5}",,0.75,0.7528735632183908,0.8572311234435294,"[[11, 1, 0], [4, 5, 0], [2, 0, 5]]",Multimodal,4968
mod_Multimodal_none_RF,20,4,0,none,RF,True,4968,"{""max_depth"": 5, ""min_samples_leaf"": 1}",0.799186227238519,0.7241379310344828,0.7148553201184781,0.8773661523661523,"[[11, 2, 0], [3, 6, 0], [1, 2, 4]]",Multimodal,4968
mod_Multimodal_none_RF,20,4,0,none,RF,False,4968,"{""max_depth"": 10, ""min_samples_leaf"": 5}",,0.7241379310344828,0.7148553201184781,0.8801753801753801,"[[11, 2, 0], [3, 6, 0], [1, 2, 4]]",Multimodal,4968
mod_Multimodal_none_RF,21,4,1,none,RF,True,4968,"{""max_depth"": 5, ""min_samples_leaf"": 1}",0.8327075200252018,0.7586206896551724,0.7455322455322455,0.9048590298590299,"[[13, 0, 0], [5, 4, 0], [2, 0, 5]]",Multimodal,4968
mod_Multimodal_none_RF,21,4,1,none,RF,False,4968,"{""max_depth"": 10, ""min_samples_leaf"": 5}",,0.7586206896551724,0.7455322455322455,0.9075655825655825,"[[13, 0, 0], [5, 4, 0], [2, 0, 5]]",Multimodal,4968
mod_Multimodal_none_RF,22,4,2,none,RF,True,4968,"{""max_depth"": 10, ""min_samples_leaf"": 1}",0.8314095985058297,0.6896551724137931,0.6871085903343968,0.8499167499167499,"[[11, 2, 0], [6, 3, 0], [1, 0, 6]]",Multimodal,4968
mod_Multimodal_none_RF,22,4,2,none,RF,False,4968,"{""max_depth"": 10, ""min_samples_leaf"": 5}",,0.7241379310344828,0.7115384615384617,0.8036361786361786,"[[12, 1, 0], [6, 3, 0], [1, 0, 6]]",Multimodal,4968
mod_Multimodal_none_RF,23,4,3,none,RF,True,4968,"{""max_depth"": 10, ""min_samples_leaf"": 1}",0.8578509500763651,0.6206896551724138,0.6291187739463602,0.7992690058479534,"[[9, 3, 0], [8, 2, 0], [0, 0, 7]]",Multimodal,4968
mod_Multimodal_none_RF,23,4,3,none,RF,False,4968,"{""max_depth"": 10, ""min_samples_leaf"": 5}",,0.5517241379310345,0.5268817204301075,0.7950636394908841,"[[9, 3, 0], [10, 0, 0], [0, 0, 7]]",Multimodal,4968
mod_Multimodal_none_RF,24,4,4,none,RF,True,4968,"{""max_depth"": 5, ""min_samples_leaf"": 1}",0.8559136147416228,0.5714285714285714,0.5533216783216783,0.761802820543422,"[[10, 2, 0], [7, 2, 0], [3, 0, 4]]",Multimodal,4968
mod_Multimodal_none_RF,24,4,4,none,RF,False,4968,"{""max_depth"": 10, ""min_samples_leaf"": 5}",,0.4642857142857143,0.4646464646464647,0.7091774575327207,"[[8, 4, 0], [8, 1, 0], [2, 1, 4]]",Multimodal,4968
